Report_Name,Page_Name,Title,Type,Columns,Responses
POC_Revenue Opportunities,Opportunity Overview,Revenue,card,Opportunity Revenue,"The Power BI visual titled ""Revenue"" is a Card type visualization designed to succinctly display key information related to business opportunities and their corresponding revenues. This visual primarily focuses on the ""Opportunity Revenue"" dataset, presenting a clear and concise representation of financial metrics associated with various business prospects. The visual is structured to provide at-a-glance insights, allowing users to quickly assess and comprehend the revenue generated from different opportunities. By leveraging the Card visualization type, this Power BI element streamlines the presentation of essential data, making it an effective tool for monitoring and analyzing the financial performance of individual opportunities within the broader business context."
POC_Revenue Opportunities,Opportunity Overview,Count,card,Opportunity Count,"The ""Count"" Power BI visual is a Card type visualization designed to display crucial information related to opportunities. This visual specifically focuses on the ""Opportunity Count"" metric, providing a clear and concise representation of the total number of opportunities within the dataset. The simplicity of the Card visualization allows for quick comprehension of the key metric, making it an effective tool for users to assess and monitor the overall volume of opportunities at a glance. Whether used in sales, project management, or any other context where opportunity tracking is vital, the ""Count"" Card visual in Power BI offers a streamlined and visually appealing way to present the essential metric of Opportunity Count."
POC_Revenue Opportunities,Opportunity Overview,Product Slicer,slicer,Product Code,"The Power BI visual titled ""Product Slicer"" is a dynamic and interactive slicer designed to enhance data analysis by allowing users to filter information based on specific product criteria. This slicer type is specifically tailored to the ""Product Code"" column, enabling users to easily navigate and narrow down their focus within the dataset. With the Product Slicer, users can seamlessly slice and dice data, gaining a more granular understanding of their information by isolating relevant product codes. This visual empowers users to make precise and informed decisions, providing a user-friendly interface for efficient exploration of data related to different products."
POC_Revenue Opportunities,Opportunity Overview,Opportunity Count by Region,treemap,"Region, State, Opportunity Count","The Power BI visual titled ""Opportunity Count by Region"" is a treemap designed to visually represent data related to business opportunities across different geographical regions. The treemap is structured based on two key columns: ""Region"" and ""State."" Each distinct region is represented by a colored tile, with the size of the tile corresponding to the magnitude of the ""Opportunity Count"" within that region. Additionally, within each region, individual states are further differentiated, providing a hierarchical view of the data. This visual enables users to quickly grasp the distribution of business opportunities, with larger tiles indicating regions or states with a higher count of opportunities. The color scheme enhances the visual appeal and aids in the intuitive interpretation of the data."
POC_Revenue Opportunities,Opportunity Overview,Revenue by State,filledMap,"State, Revenue","The Power BI visual titled ""Revenue by State"" is a filled map that offers a comprehensive and visually intuitive representation of revenue distribution across different states. The visual is designed to showcase the financial performance of various regions, with a focus on the two key columns: ""State"" and ""Revenue."" The map employs a color-filled gradient to highlight variations in revenue levels, allowing users to quickly discern patterns and identify high and low-performing states. The incorporation of state-specific data, coupled with the visually impactful filled map format, makes this Power BI visual an effective tool for analyzing and communicating regional revenue insights within a business or dataset."
POC_Revenue Opportunities,Opportunity Overview,Revenue and Opportunity Count by Month,lineStackedColumnComboChart,"Month, Revenue, Opportunity Count","The Power BI visual titled ""Revenue and Opportunity Count by Month"" is a dynamic and insightful representation of data, designed as a lineStackedColumnComboChart. This visually engaging chart amalgamates two key metrics over time—Revenue and Opportunity Count—onto a single, comprehensive graph. The horizontal axis is delineated by the temporal dimension, with months serving as data points. The vertical axis is dual-purpose, accommodating both Revenue and Opportunity Count, allowing stakeholders to effortlessly discern patterns and correlations between these two vital business aspects. The Revenue is depicted through a line chart, providing a smooth, continuous representation, while the Opportunity Count is presented using stacked columns, enabling a clear understanding of the distribution and density of opportunities. This visualization facilitates a holistic view of the data, aiding decision-makers in recognizing trends, making informed assessments, and formulating strategic plans based on the juxtaposition of Revenue and Opportunity Count dynamics over the months."
POC_Revenue Opportunities,Opportunity Overview,Pipeline by Stage,barChart,"Sales Stage, Opportunity Count","The Power BI visual titled ""Pipeline by Stage"" is a bar chart designed to visually represent crucial sales data. This dynamic visualization is structured with two essential columns: ""Sales Stage"" and ""Opportunity Count."" The ""Sales Stage"" axis categorizes the various stages within the sales pipeline, offering a comprehensive view of the progression from initial leads to finalized opportunities. Meanwhile, the vertical bars correspond to the ""Opportunity Count"" for each respective stage, providing an intuitive and insightful representation of the distribution and magnitude of opportunities at each stage. This visual empowers users to quickly analyze and comprehend the distribution of opportunities throughout the sales pipeline, aiding in strategic decision-making and performance evaluation."
POC_Revenue Opportunities,Opportunity Overview,Revenue by Region and State,barChart,"Region, State, Revenue","The Power BI visual titled ""Revenue by Region and State"" is a bar chart designed to visually represent and analyze revenue data across different geographical levels. The chart is structured with two primary categorical axes: ""Region"" and ""State,"" allowing users to explore revenue variations at both regional and state-specific levels. The vertical bars in the chart correspond to the ""Revenue"" column, providing a clear and intuitive comparison of revenue values across the specified regions and states. This visual is instrumental in identifying trends, patterns, and disparities in revenue distribution, offering a comprehensive overview of financial performance within various geographic segments."
POC_Revenue Opportunities,Detail,Matrix,pivotTable,"Opportunity Size, Region, Partner, Opportunities, Revenue, Factored Revenue, Avg Revenue","The Power BI visual titled ""Matrix"" is a dynamic and interactive pivot table that facilitates comprehensive analysis of business data. This visual is structured to include key columns such as ""Opportunity Size,"" ""Region,"" ""Partner,"" ""Opportunities,"" ""Revenue,"" ""Factored Revenue,"" and ""Avg Revenue."" Each row in the matrix represents a unique combination of these dimensions, allowing users to quickly grasp the distribution of opportunities and associated financial metrics across various regions, partners, and opportunity sizes. The ""Opportunities"" column presents the total number of opportunities, while ""Revenue"" and ""Factored Revenue"" provide insights into the overall and factored financial gains. Additionally, the ""Avg Revenue"" column delivers the average revenue per opportunity, aiding in assessing performance and identifying trends. The matrix's interactive nature empowers users to customize their analysis, offering a powerful tool for strategic decision-making within the Power BI environment."
